{"0": {"name": 0, "product": 3, "production_volume": 58.51201335958629, "suppliers": [68, 95], "costumers": [10, 65, 46, 32, 16]}, "1": {"name": 1, "product": 0, "production_volume": 73.0311074684211, "suppliers": [8, 10, 20, 23, 25, 36], "costumers": [44, 99, 24]}, "2": {"name": 2, "product": 1, "production_volume": 133.4033705509427, "suppliers": [64, 67], "costumers": [30, 97, 39]}, "3": {"name": 3, "product": 1, "production_volume": 42.06324460715762, "suppliers": [77], "costumers": [80, 59, 55]}, "4": {"name": 4, "product": 3, "production_volume": 166.38978979352717, "suppliers": [22, 42], "costumers": [19, 64, 21]}, "5": {"name": 5, "product": 3, "production_volume": 86.3938071083414, "suppliers": [32, 82], "costumers": [12, 67, 96]}, "6": {"name": 6, "product": 1, "production_volume": 156.7566438204422, "suppliers": [33, 41, 62, 63], "costumers": [13, 31, 52]}, "7": {"name": 7, "product": 0, "production_volume": 71.54589005747891, "suppliers": [28, 30, 64, 97], "costumers": [52, 78, 40, 72]}, "8": {"name": 8, "product": 4, "production_volume": 19.434009284649, "suppliers": [32, 39, 44, 45, 55], "costumers": [25, 32, 1, 76]}, "9": {"name": 9, "product": 0, "production_volume": 186.1167240766129, "suppliers": [57, 96], "costumers": [95]}, "10": {"name": 10, "product": 0, "production_volume": 195.79806745429894, "suppliers": [0], "costumers": [51, 1]}, "11": {"name": 11, "product": 2, "production_volume": 5.6340762272974345, "suppliers": [17], "costumers": [17, 29, 96]}, "12": {"name": 12, "product": 3, "production_volume": 54.79942457095663, "suppliers": [5], "costumers": [78]}, "13": {"name": 13, "product": 2, "production_volume": 71.33499407085726, "suppliers": [6, 63], "costumers": [51]}, "14": {"name": 14, "product": 3, "production_volume": 164.40449695706448, "suppliers": [27, 58], "costumers": [60]}, "15": {"name": 15, "product": 2, "production_volume": 177.83809085869794, "suppliers": [44], "costumers": [99, 29, 41, 87]}, "16": {"name": 16, "product": 0, "production_volume": 128.93314654664292, "suppliers": [0, 40, 86], "costumers": [42, 32]}, "17": {"name": 17, "product": 4, "production_volume": 152.584231968442, "suppliers": [11, 26, 28, 66, 84], "costumers": [74, 30, 11]}, "18": {"name": 18, "product": 0, "production_volume": 167.937147564148, "suppliers": [59, 68], "costumers": [50]}, "19": {"name": 19, "product": 4, "production_volume": 143.24148874885051, "suppliers": [4, 55], "costumers": [80, 25, 79]}, "20": {"name": 20, "product": 1, "production_volume": 164.19466420564171, "suppliers": [54, 78, 81], "costumers": [36, 98, 1, 85]}, "21": {"name": 21, "product": 1, "production_volume": 128.80365007469283, "suppliers": [4, 74], "costumers": [72]}, "22": {"name": 22, "product": 1, "production_volume": 191.3318967584127, "suppliers": [], "costumers": [4, 98, 75]}, "23": {"name": 23, "product": 1, "production_volume": 149.21286738171344, "suppliers": [70, 78, 87], "costumers": [95, 1, 48]}, "24": {"name": 24, "product": 3, "production_volume": 12.232118330392616, "suppliers": [1], "costumers": [27, 96, 47]}, "25": {"name": 25, "product": 1, "production_volume": 154.45965752653885, "suppliers": [8, 19, 43, 50, 60], "costumers": [1, 73, 64]}, "26": {"name": 26, "product": 4, "production_volume": 171.76179411730885, "suppliers": [], "costumers": [54, 17, 63, 47]}, "27": {"name": 27, "product": 3, "production_volume": 105.76880357441318, "suppliers": [24], "costumers": [51, 14, 78, 45]}, "28": {"name": 28, "product": 0, "production_volume": 33.05379057559268, "suppliers": [36, 50, 66], "costumers": [7, 17, 73, 70]}, "29": {"name": 29, "product": 0, "production_volume": 174.17824793966926, "suppliers": [11, 15], "costumers": [85, 71, 78]}, "30": {"name": 30, "product": 0, "production_volume": 82.44631692791047, "suppliers": [2, 17, 55, 57], "costumers": [7, 66]}, "31": {"name": 31, "product": 4, "production_volume": 89.55354027558187, "suppliers": [6, 57, 62], "costumers": [42, 73, 84]}, "32": {"name": 32, "product": 3, "production_volume": 57.666415429393034, "suppliers": [0, 8, 16, 69], "costumers": [5, 52, 8]}, "33": {"name": 33, "product": 4, "production_volume": 141.46954153690444, "suppliers": [34, 51], "costumers": [6, 81, 71, 44]}, "34": {"name": 34, "product": 0, "production_volume": 198.18830665715234, "suppliers": [47], "costumers": [77, 80, 68, 33, 57]}, "35": {"name": 35, "product": 3, "production_volume": 119.95345528987914, "suppliers": [50], "costumers": [87, 52, 73]}, "36": {"name": 36, "product": 1, "production_volume": 175.20575828866623, "suppliers": [20, 40, 65], "costumers": [28, 1, 81]}, "37": {"name": 37, "product": 3, "production_volume": 91.28662401646687, "suppliers": [66, 70, 98], "costumers": [61, 97, 80]}, "38": {"name": 38, "product": 2, "production_volume": 159.91169097190095, "suppliers": [55], "costumers": [60, 50, 41]}, "39": {"name": 39, "product": 2, "production_volume": 58.57995547765302, "suppliers": [2, 74], "costumers": [62, 73, 8]}, "40": {"name": 40, "product": 2, "production_volume": 28.31018653133046, "suppliers": [7, 68, 74, 81], "costumers": [16, 36, 76]}, "41": {"name": 41, "product": 3, "production_volume": 76.07564934254786, "suppliers": [15, 38, 89, 96, 99], "costumers": [90, 6]}, "42": {"name": 42, "product": 1, "production_volume": 33.51899946576611, "suppliers": [16, 31, 76], "costumers": [4, 54, 52]}, "43": {"name": 43, "product": 1, "production_volume": 30.68084309492034, "suppliers": [83], "costumers": [25, 86]}, "44": {"name": 44, "product": 3, "production_volume": 167.36166098373712, "suppliers": [1, 33, 84, 85], "costumers": [53, 15, 52, 8, 97]}, "45": {"name": 45, "product": 1, "production_volume": 137.49802064100464, "suppliers": [27], "costumers": [74, 76, 8]}, "46": {"name": 46, "product": 2, "production_volume": 83.52612484822232, "suppliers": [0, 50, 88, 92], "costumers": [74]}, "47": {"name": 47, "product": 3, "production_volume": 58.05970589297025, "suppliers": [24, 26, 75], "costumers": [34]}, "48": {"name": 48, "product": 2, "production_volume": 183.7839912847277, "suppliers": [23, 52, 98], "costumers": [79]}, "49": {"name": 49, "product": 3, "production_volume": 88.28927057619424, "suppliers": [53, 62, 85], "costumers": [76]}, "50": {"name": 50, "product": 2, "production_volume": 196.27893031778768, "suppliers": [18, 38, 73, 86, 92], "costumers": [25, 28, 46, 35]}, "51": {"name": 51, "product": 4, "production_volume": 197.9316323359842, "suppliers": [10, 13, 27, 56, 67, 93], "costumers": [77, 33]}, "52": {"name": 52, "product": 4, "production_volume": 4.6378322929492946, "suppliers": [6, 7, 32, 35, 42, 44, 60, 72], "costumers": [48, 59]}, "53": {"name": 53, "product": 0, "production_volume": 183.72246413595687, "suppliers": [44, 94], "costumers": [49]}, "54": {"name": 54, "product": 2, "production_volume": 6.9418000751336075, "suppliers": [26, 42, 85, 93], "costumers": [20, 88]}, "55": {"name": 55, "product": 2, "production_volume": 49.68182443828361, "suppliers": [3], "costumers": [60, 8, 30, 38, 19]}, "56": {"name": 56, "product": 2, "production_volume": 72.65802716768638, "suppliers": [], "costumers": [59, 51]}, "57": {"name": 57, "product": 0, "production_volume": 162.79803756199098, "suppliers": [34, 86, 93], "costumers": [31, 9, 30, 94]}, "58": {"name": 58, "product": 0, "production_volume": 34.741422486460436, "suppliers": [59, 65], "costumers": [14, 82]}, "59": {"name": 59, "product": 0, "production_volume": 85.20252549352003, "suppliers": [3, 52, 56, 89], "costumers": [18, 58]}, "60": {"name": 60, "product": 0, "production_volume": 182.34752199378443, "suppliers": [14, 38, 55], "costumers": [52, 25]}, "61": {"name": 61, "product": 0, "production_volume": 186.13759998448515, "suppliers": [37], "costumers": [73]}, "62": {"name": 62, "product": 0, "production_volume": 149.13755177836615, "suppliers": [39, 73], "costumers": [49, 31, 6]}, "63": {"name": 63, "product": 2, "production_volume": 168.00215744436062, "suppliers": [26, 77, 83], "costumers": [6, 13]},