{"0": {"name": 0, "product": 2, "production_volume": 50.23407848832122, "suppliers": [], "costumers": [5, 50, 37]}, "1": {"name": 1, "product": 0, "production_volume": 187.2135871684883, "suppliers": [27], "costumers": [30]}, "2": {"name": 2, "product": 2, "production_volume": 141.30230772464856, "suppliers": [19, 30, 84, 90], "costumers": [8]}, "3": {"name": 3, "product": 0, "production_volume": 117.9643226201088, "suppliers": [57, 87], "costumers": [46, 88, 19]}, "4": {"name": 4, "product": 2, "production_volume": 45.12070537407615, "suppliers": [40, 95, 99], "costumers": [60]}, "5": {"name": 5, "product": 2, "production_volume": 158.21793637431034, "suppliers": [0], "costumers": [85]}, "6": {"name": 6, "product": 3, "production_volume": 25.97784795750484, "suppliers": [67], "costumers": [46]}, "7": {"name": 7, "product": 2, "production_volume": 31.34895246532372, "suppliers": [9, 46, 67], "costumers": [25]}, "8": {"name": 8, "product": 0, "production_volume": 104.3509862630302, "suppliers": [2, 11, 69], "costumers": [23]}, "9": {"name": 9, "product": 4, "production_volume": 139.402110569643, "suppliers": [12], "costumers": [74, 7, 49]}, "10": {"name": 10, "product": 0, "production_volume": 184.74688646352217, "suppliers": [80, 89], "costumers": [46, 75]}, "11": {"name": 11, "product": 1, "production_volume": 133.84624249896586, "suppliers": [18, 31, 53, 70, 91], "costumers": [8, 49, 71]}, "12": {"name": 12, "product": 3, "production_volume": 23.317472976293896, "suppliers": [81], "costumers": [81, 9]}, "13": {"name": 13, "product": 2, "production_volume": 59.37338869095674, "suppliers": [], "costumers": [51, 72]}, "14": {"name": 14, "product": 1, "production_volume": 75.8945088515177, "suppliers": [56, 74], "costumers": [40]}, "15": {"name": 15, "product": 1, "production_volume": 2.695483079354676, "suppliers": [94], "costumers": [59]}, "16": {"name": 16, "product": 4, "production_volume": 135.7990685306672, "suppliers": [], "costumers": [43, 37]}, "17": {"name": 17, "product": 1, "production_volume": 93.94070395430556, "suppliers": [43, 83], "costumers": [35]}, "18": {"name": 18, "product": 2, "production_volume": 143.914452440466, "suppliers": [22, 55, 79, 85], "costumers": [11]}, "19": {"name": 19, "product": 1, "production_volume": 91.12424809212973, "suppliers": [3, 20, 97], "costumers": [2, 45]}, "20": {"name": 20, "product": 4, "production_volume": 108.17467346673062, "suppliers": [21, 24, 44, 61], "costumers": [49, 19]}, "21": {"name": 21, "product": 1, "production_volume": 149.19675953926276, "suppliers": [29, 80], "costumers": [20, 84]}, "22": {"name": 22, "product": 1, "production_volume": 148.40231816343126, "suppliers": [86], "costumers": [56, 18]}, "23": {"name": 23, "product": 4, "production_volume": 169.337093248755, "suppliers": [8], "costumers": [47]}, "24": {"name": 24, "product": 2, "production_volume": 42.37405571453638, "suppliers": [], "costumers": [78, 20]}, "25": {"name": 25, "product": 0, "production_volume": 192.6811746760117, "suppliers": [7, 32, 98], "costumers": [78]}, "26": {"name": 26, "product": 4, "production_volume": 68.99639971106181, "suppliers": [58], "costumers": [84, 30]}, "27": {"name": 27, "product": 4, "production_volume": 84.85310343167606, "suppliers": [74], "costumers": [68, 1, 82]}, "28": {"name": 28, "product": 4, "production_volume": 73.06709058730267, "suppliers": [], "costumers": [88]}, "29": {"name": 29, "product": 0, "production_volume": 68.53236233841227, "suppliers": [69], "costumers": [21, 51]}, "30": {"name": 30, "product": 4, "production_volume": 24.457147809580835, "suppliers": [1, 26, 77], "costumers": [2]}, "31": {"name": 31, "product": 2, "production_volume": 62.19447979158086, "suppliers": [33], "costumers": [11, 90, 84]}, "32": {"name": 32, "product": 4, "production_volume": 32.67110600619418, "suppliers": [79], "costumers": [85, 25]}, "33": {"name": 33, "product": 2, "production_volume": 178.53472174921035, "suppliers": [], "costumers": [31, 56]}, "34": {"name": 34, "product": 1, "production_volume": 49.77990951821736, "suppliers": [88], "costumers": [46]}, "35": {"name": 35, "product": 1, "production_volume": 26.45747919502721, "suppliers": [17, 53], "costumers": [63, 51]}, "36": {"name": 36, "product": 4, "production_volume": 32.52320289128583, "suppliers": [63, 97], "costumers": [64]}, "37": {"name": 37, "product": 0, "production_volume": 119.68076510977754, "suppliers": [0, 16], "costumers": [40, 50]}, "38": {"name": 38, "product": 1, "production_volume": 50.17941347363814, "suppliers": [], "costumers": [74]}, "39": {"name": 39, "product": 3, "production_volume": 167.5266996812609, "suppliers": [92], "costumers": [78, 53, 98]}, "40": {"name": 40, "product": 2, "production_volume": 12.359534016576077, "suppliers": [14, 37, 56], "costumers": [4]}, "41": {"name": 41, "product": 2, "production_volume": 101.49395832560492, "suppliers": [91], "costumers": [46, 57]}, "42": {"name": 42, "product": 3, "production_volume": 62.52789739910747, "suppliers": [], "costumers": [96]}, "43": {"name": 43, "product": 0, "production_volume": 198.1493217638232, "suppliers": [16], "costumers": [17]}, "44": {"name": 44, "product": 1, "production_volume": 67.27474817526833, "suppliers": [], "costumers": [20, 68, 78]}, "45": {"name": 45, "product": 2, "production_volume": 85.79149915297137, "suppliers": [19, 94], "costumers": [96]}, "46": {"name": 46, "product": 0, "production_volume": 37.04062057785449, "suppliers": [3, 6, 10, 34, 41], "costumers": [7]}, "47": {"name": 47, "product": 3, "production_volume": 13.648191928428808, "suppliers": [23], "costumers": [97, 90]}, "48": {"name": 48, "product": 4, "production_volume": 55.209285305214074, "suppliers": [71, 96], "costumers": [90, 93]}, "49": {"name": 49, "product": 2, "production_volume": 132.50903801556063, "suppliers": [9, 11, 20, 75, 83], "costumers": [99]}, "50": {"name": 50, "product": 3, "production_volume": 191.8705139996508, "suppliers": [0, 37], "costumers": [99]}, "51": {"name": 51, "product": 4, "production_volume": 120.81626513464145, "suppliers": [13, 29, 35, 59, 63, 66, 84], "costumers": [94]}, "52": {"name": 52, "product": 0, "production_volume": 142.30868869600235, "suppliers": [], "costumers": [79]}, "53": {"name": 53, "product": 4, "production_volume": 18.464500728222674, "suppliers": [39], "costumers": [35, 11]}, "54": {"name": 54, "product": 4, "production_volume": 176.20902217966358, "suppliers": [], "costumers": [66, 56]}, "55": {"name": 55, "product": 0, "production_volume": 12.562319999366766, "suppliers": [79], "costumers": [18]}, "56": {"name": 56, "product": 2, "production_volume": 132.00693721037985, "suppliers": [22, 33, 54], "costumers": [58, 14, 40]}, "57": {"name": 57, "product": 3, "production_volume": 145.56005561801402, "suppliers": [41], "costumers": [3, 66]}, "58": {"name": 58, "product": 3, "production_volume": 168.5434897806879, "suppliers": [56], "costumers": [74, 26]}, "59": {"name": 59, "product": 4, "production_volume": 175.1897672869093, "suppliers": [15, 88], "costumers": [51, 88]}, "60": {"name": 60, "product": 1, "production_volume": 12.345958414460933, "suppliers": [4, 65, 82, 99], "costumers": [77]}, "61": {"name": 61, "product": 2, "production_volume": 89.24027325157147, "suppliers": [], "costumers": [20]}, "62": {"name": 62, "product": 3, "production_volume": 183.80356735588578, "suppliers": [], "costumers": [77, 63]}, "63": {"name": 63, "product": 0, "production_volume": 54.06790383923992, "suppliers": [35, 62, 93], "costumers": [51, 36]}, "64": {"name": 64, "product": 0, "production_volume": 167.47136049997624, "suppliers": [36], "costumers": [90]}, "65": {"name": 65, "product": 4, "production_volume": 22.59161675566674, "suppliers": [], "costumers": [60]}, "66": {"name": 66, "product": 1, "production_volume": 9.367516342124869, "suppliers": [54, 57], "costumers": [51]}, "67": {"name": 67, "product": 0, "production_volume": 90.13871694387126, "suppliers": [87], "costumers": [6, 7]},