{"0": {"name": 0, "product": 1, "production_volume": 96.56482276506442, "suppliers": [40, 84], "costumers": [67, 49]}, "1": {"name": 1, "product": 4, "production_volume": 181.8429596182936, "suppliers": [49, 50, 68, 71], "costumers": [61, 13, 40, 25]}, "2": {"name": 2, "product": 2, "production_volume": 117.46050506459605, "suppliers": [21, 33, 38, 96], "costumers": [61, 48]}, "3": {"name": 3, "product": 2, "production_volume": 8.598021720843384, "suppliers": [80], "costumers": [54]}, "4": {"name": 4, "product": 2, "production_volume": 92.03345062773161, "suppliers": [72], "costumers": [53, 91, 35, 31]}, "5": {"name": 5, "product": 0, "production_volume": 65.37532954266636, "suppliers": [12, 20, 67], "costumers": [28, 6, 52]}, "6": {"name": 6, "product": 3, "production_volume": 84.94348398223603, "suppliers": [5, 67], "costumers": [59, 30]}, "7": {"name": 7, "product": 0, "production_volume": 117.37522821136001, "suppliers": [8, 20, 57], "costumers": [14, 99]}, "8": {"name": 8, "product": 1, "production_volume": 41.710297521325444, "suppliers": [33, 34, 48], "costumers": [7, 50]}, "9": {"name": 9, "product": 1, "production_volume": 7.095123845639927, "suppliers": [55], "costumers": [18, 66]}, "10": {"name": 10, "product": 0, "production_volume": 193.5295348438159, "suppliers": [13, 41, 89], "costumers": [53, 58, 44, 63, 25]}, "11": {"name": 11, "product": 1, "production_volume": 54.782264127557355, "suppliers": [80], "costumers": [70]}, "12": {"name": 12, "product": 4, "production_volume": 182.3705523255279, "suppliers": [81, 90], "costumers": [5, 68]}, "13": {"name": 13, "product": 4, "production_volume": 28.505742726448123, "suppliers": [1, 81], "costumers": [10]}, "14": {"name": 14, "product": 1, "production_volume": 74.34933929757158, "suppliers": [7, 32, 37, 98], "costumers": [80, 48]}, "15": {"name": 15, "product": 2, "production_volume": 174.11084441597768, "suppliers": [78], "costumers": [70, 71]}, "16": {"name": 16, "product": 0, "production_volume": 48.41995855826686, "suppliers": [], "costumers": [71, 35]}, "17": {"name": 17, "product": 1, "production_volume": 53.8072219242633, "suppliers": [22, 88], "costumers": [59, 82]}, "18": {"name": 18, "product": 1, "production_volume": 4.778462198572496, "suppliers": [9, 65], "costumers": [91, 94, 53]}, "19": {"name": 19, "product": 1, "production_volume": 12.071691941368101, "suppliers": [41, 64, 99], "costumers": [89, 76]}, "20": {"name": 20, "product": 2, "production_volume": 44.80057892763636, "suppliers": [], "costumers": [86, 5, 7]}, "21": {"name": 21, "product": 0, "production_volume": 163.17938299682555, "suppliers": [36, 76], "costumers": [2, 25, 52]}, "22": {"name": 22, "product": 2, "production_volume": 43.45039047572634, "suppliers": [76], "costumers": [17, 30, 90]}, "23": {"name": 23, "product": 4, "production_volume": 51.4107500164094, "suppliers": [49, 69], "costumers": [60, 96, 53]}, "24": {"name": 24, "product": 3, "production_volume": 193.31111976764348, "suppliers": [76], "costumers": [29]}, "25": {"name": 25, "product": 2, "production_volume": 160.68633917376906, "suppliers": [1, 10, 21, 55], "costumers": [87]}, "26": {"name": 26, "product": 4, "production_volume": 92.45261638407966, "suppliers": [47, 63, 66], "costumers": [55]}, "27": {"name": 27, "product": 0, "production_volume": 106.67485824828672, "suppliers": [], "costumers": [46]}, "28": {"name": 28, "product": 4, "production_volume": 30.938568937917797, "suppliers": [5, 62, 89], "costumers": [65, 39, 47, 45]}, "29": {"name": 29, "product": 2, "production_volume": 100.4378517884814, "suppliers": [24, 49], "costumers": [40, 57, 99]}, "30": {"name": 30, "product": 1, "production_volume": 16.751071253584037, "suppliers": [6, 22], "costumers": [72, 47, 77, 38]}, "31": {"name": 31, "product": 0, "production_volume": 186.37663512696406, "suppliers": [4, 52], "costumers": [72, 37]}, "32": {"name": 32, "product": 3, "production_volume": 132.1074016815309, "suppliers": [48], "costumers": [69, 50, 14]}, "33": {"name": 33, "product": 2, "production_volume": 95.31273378143304, "suppliers": [], "costumers": [8, 99, 53, 2]}, "34": {"name": 34, "product": 1, "production_volume": 69.66223549135884, "suppliers": [55, 93], "costumers": [87, 79, 8]}, "35": {"name": 35, "product": 2, "production_volume": 190.70742028385587, "suppliers": [4, 16, 37, 64, 83], "costumers": [61, 55, 87]}, "36": {"name": 36, "product": 4, "production_volume": 70.147004470677, "suppliers": [69, 77], "costumers": [69, 21, 43]}, "37": {"name": 37, "product": 0, "production_volume": 95.73876077418456, "suppliers": [31], "costumers": [35, 14, 61]}, "38": {"name": 38, "product": 4, "production_volume": 191.87078739568997, "suppliers": [30, 44, 82], "costumers": [54, 94, 2]}, "39": {"name": 39, "product": 3, "production_volume": 144.60813212814972, "suppliers": [28, 45, 53], "costumers": [81, 94]}, "40": {"name": 40, "product": 2, "production_volume": 80.17637197600614, "suppliers": [1, 29, 69], "costumers": [0, 44]}, "41": {"name": 41, "product": 2, "production_volume": 151.30865158941373, "suppliers": [87], "costumers": [10, 48, 19]}, "42": {"name": 42, "product": 2, "production_volume": 194.50601821979555, "suppliers": [46, 63], "costumers": [89, 99]}, "43": {"name": 43, "product": 0, "production_volume": 21.9211444469249, "suppliers": [36, 57], "costumers": [57]}, "44": {"name": 44, "product": 0, "production_volume": 31.060559042523273, "suppliers": [10, 40, 87], "costumers": [75, 38]}, "45": {"name": 45, "product": 1, "production_volume": 170.30121158851662, "suppliers": [28, 66], "costumers": [58, 39, 65, 92]}, "46": {"name": 46, "product": 4, "production_volume": 200.15703829781165, "suppliers": [27, 77, 85, 90], "costumers": [61, 42]}, "47": {"name": 47, "product": 4, "production_volume": 143.00623283632922, "suppliers": [28, 30, 82], "costumers": [26, 95, 90]}, "48": {"name": 48, "product": 4, "production_volume": 178.89179341105807, "suppliers": [2, 14, 41, 79], "costumers": [8, 55, 32]}, "49": {"name": 49, "product": 0, "production_volume": 38.22639963831502, "suppliers": [0], "costumers": [23, 1, 29]}, "50": {"name": 50, "product": 2, "production_volume": 154.77837236646263, "suppliers": [8, 32], "costumers": [1]}, "51": {"name": 51, "product": 4, "production_volume": 191.8081503646612, "suppliers": [], "costumers": [75, 84]}, "52": {"name": 52, "product": 2, "production_volume": 9.26594621603476, "suppliers": [5, 21, 59, 96], "costumers": [90, 78, 31]}, "53": {"name": 53, "product": 1, "production_volume": 41.47978084300181, "suppliers": [4, 10, 18, 23, 33], "costumers": [39, 58]}, "54": {"name": 54, "product": 0, "production_volume": 29.5995537488446, "suppliers": [3, 38, 83, 84, 94], "costumers": [74]}, "55": {"name": 55, "product": 4, "production_volume": 104.38772363527755, "suppliers": [26, 35, 48, 68, 74], "costumers": [34, 9, 25]}, "56": {"name": 56, "product": 2, "production_volume": 80.57516394605423, "suppliers": [97], "costumers": [58]}, "57": {"name": 57, "product": 0, "production_volume": 88.4516689972322, "suppliers": [29, 43, 60, 82], "costumers": [43, 7]}, "58": {"name": 58, "product": 0, "production_volume": 195.12911938486823, "suppliers": [10, 45, 53, 56], "costumers": [78]}, "59": {"name": 59, "product": 2, "production_volume": 52.50192291970113, "suppliers": [6, 17], "costumers": [52, 62]}, "60": {"name": 60, "product": 4, "production_volume": 13.594161973484086, "suppliers": [23], "costumers": [73, 94, 91, 57]}, "61": {"name": 61, "product": 4, "production_volume": 97.11698501712024, "suppliers": [1, 2, 35, 37, 46, 68, 99], "costumers": [74, 95]}, "62": {"name": 62, "product": 2, "production_volume": 37.10529719584776, "suppliers": [59, 87], "costumers": [28]}, "63": {"name": 63, "product": 0, "production_volume": 19.262626260418656, "suppliers": [10, 79], "costumers": [26, 87, 42]}, "64": {"name": 64, "product": 0, "production_volume": 53.68126712416081, "suppliers": [], "costumers": [78, 92, 35, 19]}, "65": {"name": 65,